ASO,Inhibition rate,Sequence
A06001H,0.015,GGCGCTGTGACTTG
A06002H,0.012,AGGCGCTGTGACTT
A06003H,0.369,ATGCGAAGAACACT
A06004H,0.348,TATATGCGAAGAAC
A06005H,0.08,ACTTAGTCACGATT
A06006H,0.207,GCCATTCTTGTAGTC
A06007H,0.006,GATTGTCCAGGAGTT
A06008H,0.019,CTCAACTCTTTCTCG
A06009H,0.01,GGCGCTGTGACTTGT
A06010H,0.261,TTGGCAAGACCTTAC
A06011H,0.027999999999999997,GTTGGCAGTAAGGAA
A06012H,0.085,GACACAGTCTGCATA
A06013HM,0.2,GTCAGGGGCTTATTA
A06014H,0.541,GAGAACAAAACGTCC
A06015H,0.057999999999999996,AGTGTCCCGTTCTTG
A06016H,0.303,TATGCGAAGAACACT
A06017H,0.5920000000000001,AGGACGTCAAAGCAC
A06018H,0.078,GAGCTGGTGGCATAT
A06019H,0.10400000000000001,GAGCTGGTGGCATAT
A06020H,0.061,GACAAACTCACGGAC
A06021HM,0.061,GACAAACTCACGGAC
A06022HM,0.073,GACAAACTCACGGAC
A06023HM,0.406,TAAGCTTCCCGCAGG
A06024H,0.127,AGATGGTAGCTCCTC
A06025H,0.07400000000000001,GTACTTAGTCACGAT
A06026H,0.478,TGGCTTGCAGGAATC
A06027H,0.095,GTCTTCAGAGGTCTT
A06028H,0.019,CTTGTAGTCTGCTCCT
A06029H,0.005,GGCGCTGTGACTTGTG
A06030H,0.012,AGGCGCTGTGACTTGT
A06031H,0.132,GCAAGACCTTACGGAC
A06032H,0.136,GTTGGCAGTAAGGAAC
A06033H,0.15,GAGAACAAAACGTCCA
A06034H,0.102,CAGTCTCCATCACGAA
A06035H,0.037000000000000005,AGTGTCCCGTTCTTGC
A06036H,0.272,AATATATGCGAAGAAC
A06037H,0.604,CAGGACGTCAAAGCAC
A06038H,0.08900000000000001,TGAGCTGGTGGCATAT
A06039H,0.085,GACAAACTCACGGACT
A06040HM,0.114,TTGCAGATGGTAGCTC
A06041H,0.136,GAGGTCTTTTGTATTG
A06042H,0.066,ATTCTTGTAGTCTGCTC
A06043H,0.013999999999999999,CCAGACTCTATGAGATC
A06044H,0.02,GAGATGATCAATGCTGA
A06045H,0.008,AGGCGCTGTGACTTGTG
A06046H,0.02,GGTGATGCATCCCAGAA
A06047H,0.086,GGCAAGACCTTACGGAC
A06048H,0.547,GTTGGCAGTAAGGAACA
A06049H,0.755,ACAAAACGTCCATGTTC
A06050H,0.049,AGTGTCCCGTTCTTGCA
A06051H,0.263,GAACTGAGCAGCATGTC
A06052H,0.127,GAGCTGGTGGCATATAT
A06053H,0.124,GTTCCTGTGAGCTGGTG
A06054H,0.063,AGGACAAACTCACGGAC
A06055H,0.647,CCGCAGGCCAGCATCAC
A06056H,0.11599999999999999,TTGCAGATGGTAGCTCC
Neg1,1.3,CGTTTAGGCTATGTACTT
A06007H,0.003,GATTGTCCAGGAGTT
A06030H,0.002,AGGCGCTGTGACTTGT
A06035H,0.015,AGTGTCCCGTTCTTGC
A06057H,0.004,GCGCTGTGACTTGT
A06058H,0.021,GCGCTGTGACTTGT
A06059H,0.015,GATTGTCCAGGAGTT
A06060H,0.005,TGATTGTCCAGGAGT
A06061H,0.016,CTCAACTCTTTCTCG
A06062H,0.003,AGGCGCTGTGACTTG
A06063H,0.019,GTGTCCCGTTCTTGC
A06064H,0.026000000000000002,GATTGTCCAGGAGTTT
A06065H,0.004,TGATTGTCCAGGAGTT
A06066H,0.011000000000000001,TCTCAACTCTTTCTCG
A06067H,0.039,TTCTCAACTCTTTCTC
A06068H,0.005,AGGCGCTGTGACTTGT
A06069H,0.023,AGTGTCCCGTTCTTGC
A06070H,0.016,GATTGTCCAGGAGTTTT
A06071H,0.027999999999999997,CTCAACTCTTTCTCGAA
A06072H,0.153,CTCAACTCTTTCTCGAA
S6,0.8540000000000001,TCTATCGTGATGTTTCT
